"Domain","Function","Process_Id","Thread_Id","Correlation_Id","Start_Timestamp","End_Timestamp"
"HSA_CORE_API","hsa_system_get_major_extension_table",11789,11789,4,3270778993269,3270778993459
"HSA_CORE_API","hsa_agent_get_info",11789,11789,6,3270779009940,3270779010131
"HSA_AMD_EXT_API","hsa_amd_memory_pool_get_info",11789,11789,8,3270779016863,3270779017004
"HSA_AMD_EXT_API","hsa_amd_memory_pool_get_info",11789,11789,9,3270779017444,3270779017474
"HSA_AMD_EXT_API","hsa_amd_memory_pool_get_info",11789,11789,10,3270779017875,3270779017905
"HSA_AMD_EXT_API","hsa_amd_memory_pool_get_info",11789,11789,11,3270779018226,3270779018266
"HSA_AMD_EXT_API","hsa_amd_memory_pool_get_info",11789,11789,12,3270779018556,3270779018587
"HSA_AMD_EXT_API","hsa_amd_memory_pool_get_info",11789,11789,13,3270779018867,3270779018897
"HSA_AMD_EXT_API","hsa_amd_memory_pool_get_info",11789,11789,14,3270779019178,3270779019208
"HSA_AMD_EXT_API","hsa_amd_memory_pool_get_info",11789,11789,15,3270779019468,3270779019498
"HSA_AMD_EXT_API","hsa_amd_agent_iterate_memory_pools",11789,11789,7,3270779015100,3270779019638
"HSA_CORE_API","hsa_agent_get_info",11789,11789,16,3270779020139,3270779020230
"HSA_CORE_API","hsa_iterate_agents",11789,11789,5,3270779008127,3270779020470
"HSA_CORE_API","hsa_agent_get_info",11789,11789,17,3270779022684,3270779023055
"HSA_CORE_API","hsa_agent_get_info",11789,11789,18,3270779023345,3270779023386
"HSA_CORE_API","hsa_agent_iterate_isas",11789,11789,19,3270779025279,3270779025620
"HSA_CORE_API","hsa_isa_get_info_alt",11789,11789,20,3270779027032,3270779048763
"HSA_CORE_API","hsa_isa_get_info_alt",11789,11789,21,3270779049344,3270779054364
"HSA_CORE_API","hsa_agent_get_info",11789,11789,22,3270779057660,3270779057710
"HSA_CORE_API","hsa_agent_get_info",11789,11789,23,3270779058011,3270779058061
"HSA_AMD_EXT_API","hsa_amd_agent_memory_pool_get_info",11789,11789,24,3270779060085,3270779060305
"HSA_AMD_EXT_API","hsa_amd_agent_memory_pool_get_info",11789,11789,25,3270779060666,3270779060726
"HSA_AMD_EXT_API","hsa_amd_agent_memory_pool_get_info",11789,11789,26,3270779061107,3270779061137
"HSA_AMD_EXT_API","hsa_amd_agent_memory_pool_get_info",11789,11789,27,3270779061437,3270779061467
"HSA_CORE_API","hsa_agent_get_info",11789,11789,28,3270779061788,3270779061838
"HSA_CORE_API","hsa_agent_get_info",11789,11789,29,3270779099098,3270779099148
"HSA_CORE_API","hsa_agent_get_info",11789,11789,30,3270779099819,3270779099850
"HSA_CORE_API","hsa_agent_get_info",11789,11789,31,3270779101122,3270779101202
"HSA_CORE_API","hsa_agent_get_info",11789,11789,32,3270779101543,3270779102885
"HSA_CORE_API","hsa_agent_get_info",11789,11789,33,3270779103176,3270779103226
"HSA_CORE_API","hsa_agent_get_info",11789,11789,34,3270779103476,3270779103506
"HSA_CORE_API","hsa_agent_get_info",11789,11789,35,3270779103747,3270779104138
"HSA_CORE_API","hsa_agent_get_info",11789,11789,36,3270779104398,3270779104518
"HSA_CORE_API","hsa_agent_get_info",11789,11789,37,3270779122803,3270779122843
"HSA_CORE_API","hsa_agent_get_info",11789,11789,38,3270779123133,3270779123173
"HSA_CORE_API","hsa_agent_get_info",11789,11789,39,3270779123594,3270779123624
"HSA_CORE_API","hsa_agent_get_info",11789,11789,40,3270779123905,3270779123935
"HSA_CORE_API","hsa_agent_get_info",11789,11789,41,3270779124205,3270779124245
"HSA_CORE_API","hsa_agent_get_info",11789,11789,42,3270779124476,3270779124516
"HSA_AMD_EXT_API","hsa_amd_agent_memory_pool_get_info",11789,11789,43,3270779124847,3270779124897
"HSA_AMD_EXT_API","hsa_amd_agent_memory_pool_get_info",11789,11789,44,3270779125167,3270779125207
"HSA_AMD_EXT_API","hsa_amd_memory_pool_get_info",11789,11789,46,3270779125879,3270779125909
"HSA_AMD_EXT_API","hsa_amd_memory_pool_get_info",11789,11789,47,3270779126169,3270779126199
"HSA_AMD_EXT_API","hsa_amd_agent_memory_pool_get_info",11789,11789,48,3270779126470,3270779126520
"HSA_AMD_EXT_API","hsa_amd_memory_pool_get_info",11789,11789,49,3270779126800,3270779126830
"HSA_AMD_EXT_API","hsa_amd_memory_pool_get_info",11789,11789,50,3270779127111,3270779127141
"HSA_AMD_EXT_API","hsa_amd_memory_pool_get_info",11789,11789,51,3270779127411,3270779127442
"HSA_AMD_EXT_API","hsa_amd_memory_pool_get_info",11789,11789,52,3270779127732,3270779127762
"HSA_AMD_EXT_API","hsa_amd_agent_iterate_memory_pools",11789,11789,45,3270779125558,3270779127983
"HSA_AMD_EXT_API","hsa_amd_memory_pool_get_info",11789,11789,53,3270779128273,3270779128303
"HSA_AMD_EXT_API","hsa_amd_memory_copy_engine_status",11789,11789,54,3270779129555,3270779130157
"HSA_AMD_EXT_API","hsa_amd_memory_copy_engine_status",11789,11789,55,3270779130457,3270779130547
"HSA_CORE_API","hsa_agent_get_info",11789,11789,56,3270779130838,3270779130878
"HSA_AMD_EXT_API","hsa_amd_memory_pool_get_info",11789,11789,57,3270779131259,3270779131289
"HSA_AMD_EXT_API","hsa_amd_memory_pool_get_info",11789,11789,58,3270779131539,3270779131559
"HSA_CORE_API","hsa_agent_get_info",11789,11789,59,3270779139053,3270779139103
"HSA_CORE_API","hsa_agent_get_info",11789,11789,60,3270779139354,3270779139384
"HSA_CORE_API","hsa_agent_get_info",11789,11789,61,3270779139815,3270779139845
"HSA_CORE_API","hsa_agent_get_info",11789,11789,62,3270779140095,3270779140115
"HSA_CORE_API","hsa_agent_get_info",11789,11789,63,3270779145716,3270779190490
"HSA_CORE_API","hsa_agent_get_info",11789,11789,64,3270779191172,3270779191212
"HSA_CORE_API","hsa_agent_get_info",11789,11789,65,3270779191682,3270779191723
"HSA_CORE_API","hsa_agent_get_info",11789,11789,66,3270779192003,3270779192033
"HSA_AMD_EXT_API","hsa_amd_agent_iterate_memory_pools",11789,11789,68,3270779194818,3270779195039
"HSA_CORE_API","hsa_agent_get_info",11789,11789,67,3270779192284,3270779237479
"HSA_CORE_API","hsa_agent_get_info",11789,11789,69,3270779237920,3270779238030
"HSA_CORE_API","hsa_agent_get_info",11789,11789,70,3270779238320,3270779238390
"HSA_CORE_API","hsa_agent_get_info",11789,11789,71,3270779238681,3270779238731
"HSA_CORE_API","hsa_agent_get_info",11789,11789,72,3270779239042,3270779239102
"HSA_CORE_API","hsa_agent_get_info",11789,11789,73,3270779239643,3270779239703
"HSA_CORE_API","hsa_agent_get_info",11789,11789,74,3270779239973,3270779240024
"HSA_CORE_API","hsa_agent_get_info",11789,11789,75,3270779240304,3270779240344
"HSA_CORE_API","hsa_agent_get_info",11789,11789,76,3270779240605,3270779240635
"HSA_CORE_API","hsa_agent_get_info",11789,11789,77,3270779240895,3270779240925
"HSA_CORE_API","hsa_agent_get_info",11789,11789,78,3270779243801,3270779243831
"HSA_CORE_API","hsa_agent_get_info",11789,11789,79,3270779244081,3270779244251
"HSA_CORE_API","hsa_agent_get_info",11789,11789,80,3270779244502,3270779244542
"HSA_CORE_API","hsa_system_get_info",11789,11789,81,3270779286150,3270779286491
"HSA_CORE_API","hsa_system_get_info",11789,11789,82,3270779286842,3270779287012
"HSA_CORE_API","hsa_agent_get_info",11789,11789,83,3270779287303,3270779287343
"HSA_CORE_API","hsa_system_get_info",11789,11789,84,3270779287653,3270779287693
"HSA_AMD_EXT_API","hsa_amd_memory_pool_allocate",11789,11789,85,3270779296259,3270779586316
"HSA_AMD_EXT_API","hsa_amd_agents_allow_access",11789,11789,86,3270779588420,3270779609650
"HSA_CORE_API","hsa_signal_create",11789,11789,87,3270779615791,3270779617464
"HSA_AMD_EXT_API","hsa_amd_memory_pool_allocate",11789,11789,88,3270779625970,3270780104301
"HSA_AMD_EXT_API","hsa_amd_agents_allow_access",11789,11789,89,3270780105073,3270780111625
"HSA_AMD_EXT_API","hsa_amd_memory_pool_allocate",11789,11789,90,3270780113689,3270780140930
"HSA_AMD_EXT_API","hsa_amd_agents_allow_access",11789,11789,91,3270780141391,3270780146450
"HSA_AMD_EXT_API","hsa_amd_memory_pool_free",11789,11789,97,3270780293537,3270780363179
"HSA_AMD_EXT_API","hsa_amd_memory_pool_allocate",11789,11789,102,3270780473607,3270780790393
"HSA_AMD_EXT_API","hsa_amd_agents_allow_access",11789,11789,103,3270780792287,3270780833023
"HSA_AMD_EXT_API","hsa_amd_memory_pool_allocate",11789,11789,105,3270780839736,3270781368923
"HSA_AMD_EXT_API","hsa_amd_agents_allow_access",11789,11789,106,3270781370285,3270781393028
"HSA_AMD_EXT_API","hsa_amd_memory_pool_allocate",11789,11789,108,3270781398538,3270781866099
"HSA_AMD_EXT_API","hsa_amd_agents_allow_access",11789,11789,109,3270781867311,3270781889974
"HSA_AMD_EXT_API","hsa_amd_memory_pool_allocate",11789,11789,111,3270809124171,3270809297498
"HSA_AMD_EXT_API","hsa_amd_memory_pool_allocate",11789,11789,113,3270809304451,3270809305884
"HSA_AMD_EXT_API","hsa_amd_memory_pool_allocate",11789,11789,115,3270809307567,3270809565022
"HSA_CORE_API","hsa_agent_get_info",11789,11789,119,3270809581082,3270809582154
"HSA_CORE_API","hsa_queue_create",11789,11789,120,3270809584859,3270836237451
"HSA_AMD_EXT_API","hsa_amd_profiling_set_profiler_enabled",11789,11789,121,3270836321179,3270836321960
"HSA_AMD_EXT_API","hsa_amd_memory_pool_allocate",11789,11789,122,3270836348029,3270836805401
"HSA_AMD_EXT_API","hsa_amd_agents_allow_access",11789,11789,123,3270836807214,3270836822503
"HSA_CORE_API","hsa_signal_create",11789,11789,124,3270836823715,3270836825128
"HSA_CORE_API","hsa_signal_create",11789,11789,125,3270836825498,3270836825639
"HSA_CORE_API","hsa_signal_create",11789,11789,126,3270836825889,3270836826120
"HSA_CORE_API","hsa_signal_create",11789,11789,127,3270836826480,3270836826881
"HSA_CORE_API","hsa_executable_create_alt",11789,11789,128,3271050407637,3271050418507
"HSA_CORE_API","hsa_code_object_reader_create_from_memory",11789,11789,129,3271050422244,3271050471206
"HSA_CORE_API","hsa_executable_load_agent_code_object",11789,11789,130,3271050472930,3271050679148
"HSA_CORE_API","hsa_signal_create",11789,11789,132,3271050703584,3271050707582
"HSA_CORE_API","hsa_signal_wait_scacquire",11789,11789,133,3271050723762,3271051582269
"HSA_CORE_API","hsa_signal_destroy",11789,11789,134,3271051583501,3271051584152
"HSA_CORE_API","hsa_executable_freeze",11789,11789,131,3271050681903,3271051698157
"HSA_CORE_API","hsa_executable_get_symbol_by_name",11789,11789,135,3271051710370,3271051710861
"HSA_CORE_API","hsa_executable_symbol_get_info",11789,11789,136,3271051712614,3271051712754
"HSA_CORE_API","hsa_executable_symbol_get_info",11789,11789,137,3271051713115,3271051713155
"HSA_CORE_API","hsa_agent_get_info",11789,11789,138,3271051713937,3271051714187
"HSA_CORE_API","hsa_executable_symbol_get_info",11789,11789,140,3271051715850,3271051715900
"HSA_CORE_API","hsa_executable_symbol_get_info",11789,11789,141,3271051716191,3271051716221
"HSA_CORE_API","hsa_executable_symbol_get_info",11789,11789,142,3271051716471,3271051716512
"HSA_CORE_API","hsa_executable_symbol_get_info",11789,11789,143,3271051716732,3271051716772
"HSA_CORE_API","hsa_executable_symbol_get_info",11789,11789,144,3271051717033,3271051717073
"HSA_CORE_API","hsa_executable_symbol_get_info",11789,11789,145,3271051717303,3271051717343
"HSA_CORE_API","hsa_executable_symbol_get_info",11789,11789,146,3271051717604,3271051717634
"HSA_CORE_API","hsa_executable_symbol_get_info",11789,11789,147,3271051717894,3271051717924
"HSA_CORE_API","hsa_executable_symbol_get_info",11789,11789,148,3271051718155,3271051718185
"HSA_CORE_API","hsa_executable_symbol_get_info",11789,11789,149,3271051718415,3271051718445
"HSA_CORE_API","hsa_executable_symbol_get_info",11789,11789,150,3271051718686,3271051718706
"HSA_CORE_API","hsa_executable_symbol_get_info",11789,11789,151,3271051718956,3271051718976
"HSA_CORE_API","hsa_executable_symbol_get_info",11789,11789,152,3271051719267,3271051719297
"HSA_CORE_API","hsa_executable_symbol_get_info",11789,11789,153,3271051719567,3271051719597
"HSA_CORE_API","hsa_executable_symbol_get_info",11789,11789,154,3271051719858,3271051719888
"HSA_CORE_API","hsa_executable_symbol_get_info",11789,11789,155,3271051720128,3271051720158
"HSA_CORE_API","hsa_executable_iterate_symbols",11789,11789,139,3271051715550,3271051720309
"HSA_CORE_API","hsa_executable_get_symbol_by_name",11789,11789,156,3271051726160,3271051726310
"HSA_CORE_API","hsa_executable_symbol_get_info",11789,11789,157,3271051726621,3271051726661
"HSA_CORE_API","hsa_executable_symbol_get_info",11789,11789,158,3271051726911,3271051726951
"HSA_CORE_API","hsa_agent_get_info",11789,11789,159,3271051727202,3271051727242
"HSA_CORE_API","hsa_executable_symbol_get_info",11789,11789,161,3271051727723,3271051727753
"HSA_CORE_API","hsa_executable_symbol_get_info",11789,11789,162,3271051728043,3271051728073
"HSA_CORE_API","hsa_executable_symbol_get_info",11789,11789,163,3271051728324,3271051728364
"HSA_CORE_API","hsa_executable_symbol_get_info",11789,11789,164,3271051728594,3271051728624
"HSA_CORE_API","hsa_executable_symbol_get_info",11789,11789,165,3271051728855,3271051728885
"HSA_CORE_API","hsa_executable_symbol_get_info",11789,11789,166,3271051729105,3271051729135
"HSA_CORE_API","hsa_executable_symbol_get_info",11789,11789,167,3271051729366,3271051729396
"HSA_CORE_API","hsa_executable_symbol_get_info",11789,11789,168,3271051729656,3271051729686
"HSA_CORE_API","hsa_executable_symbol_get_info",11789,11789,169,3271051733023,3271051733053
"HSA_CORE_API","hsa_executable_symbol_get_info",11789,11789,170,3271051733303,3271051733323
"HSA_CORE_API","hsa_executable_symbol_get_info",11789,11789,171,3271051733564,3271051733594
"HSA_CORE_API","hsa_executable_symbol_get_info",11789,11789,172,3271051733884,3271051733904
"HSA_CORE_API","hsa_executable_symbol_get_info",11789,11789,173,3271051734215,3271051734235
"HSA_CORE_API","hsa_executable_symbol_get_info",11789,11789,174,3271051734505,3271051734545
"HSA_CORE_API","hsa_executable_symbol_get_info",11789,11789,175,3271051734786,3271051734816
"HSA_CORE_API","hsa_executable_symbol_get_info",11789,11789,176,3271051735056,3271051735087
"HSA_CORE_API","hsa_executable_iterate_symbols",11789,11789,160,3271051727502,3271051735237
"HSA_CORE_API","hsa_executable_get_symbol_by_name",11789,11789,177,3271051739515,3271051739675
"HSA_CORE_API","hsa_executable_symbol_get_info",11789,11789,178,3271051739966,3271051739996
"HSA_CORE_API","hsa_executable_symbol_get_info",11789,11789,179,3271051740246,3271051740276
"HSA_CORE_API","hsa_agent_get_info",11789,11789,180,3271051740517,3271051740547
"HSA_CORE_API","hsa_executable_symbol_get_info",11789,11789,182,3271051740978,3271051740998
"HSA_CORE_API","hsa_executable_symbol_get_info",11789,11789,183,3271051741258,3271051741278
"HSA_CORE_API","hsa_executable_symbol_get_info",11789,11789,184,3271051741529,3271051741559
"HSA_CORE_API","hsa_executable_symbol_get_info",11789,11789,185,3271051741809,3271051741839
"HSA_CORE_API","hsa_executable_symbol_get_info",11789,11789,186,3271051742080,3271051742110
"HSA_CORE_API","hsa_executable_symbol_get_info",11789,11789,187,3271051742330,3271051742360
"HSA_CORE_API","hsa_executable_symbol_get_info",11789,11789,188,3271051742591,3271051742621
"HSA_CORE_API","hsa_executable_symbol_get_info",11789,11789,189,3271051742891,3271051742921
"HSA_CORE_API","hsa_executable_symbol_get_info",11789,11789,190,3271051743162,3271051743182
"HSA_CORE_API","hsa_executable_symbol_get_info",11789,11789,191,3271051743412,3271051743442
"HSA_CORE_API","hsa_executable_symbol_get_info",11789,11789,192,3271051743693,3271051743723
"HSA_CORE_API","hsa_executable_symbol_get_info",11789,11789,193,3271051744023,3271051744043
"HSA_CORE_API","hsa_executable_symbol_get_info",11789,11789,194,3271051744294,3271051744314
"HSA_CORE_API","hsa_executable_symbol_get_info",11789,11789,195,3271051744554,3271051744574
"HSA_CORE_API","hsa_executable_symbol_get_info",11789,11789,196,3271051744825,3271051744855
"HSA_CORE_API","hsa_executable_symbol_get_info",11789,11789,197,3271051745105,3271051745135
"HSA_CORE_API","hsa_executable_iterate_symbols",11789,11789,181,3271051740777,3271051745266
"HSA_CORE_API","hsa_executable_get_symbol_by_name",11789,11789,198,3271051748983,3271051749123
"HSA_CORE_API","hsa_executable_symbol_get_info",11789,11789,199,3271051749373,3271051749413
"HSA_CORE_API","hsa_executable_symbol_get_info",11789,11789,200,3271051749644,3271051749684
"HSA_CORE_API","hsa_agent_get_info",11789,11789,201,3271051749924,3271051749955
"HSA_CORE_API","hsa_executable_symbol_get_info",11789,11789,203,3271051750365,3271051750405
"HSA_CORE_API","hsa_executable_symbol_get_info",11789,11789,204,3271051750636,3271051750666
"HSA_CORE_API","hsa_executable_symbol_get_info",11789,11789,205,3271051750896,3271051750926
"HSA_CORE_API","hsa_executable_symbol_get_info",11789,11789,206,3271051751147,3271051751177
"HSA_CORE_API","hsa_executable_symbol_get_info",11789,11789,207,3271051751407,3271051751437
"HSA_CORE_API","hsa_executable_symbol_get_info",11789,11789,208,3271051751668,3271051751688
"HSA_CORE_API","hsa_executable_symbol_get_info",11789,11789,209,3271051751928,3271051751948
"HSA_CORE_API","hsa_executable_symbol_get_info",11789,11789,210,3271051752219,3271051752249
"HSA_CORE_API","hsa_executable_symbol_get_info",11789,11789,211,3271051752479,3271051752499
"HSA_CORE_API","hsa_executable_symbol_get_info",11789,11789,212,3271051752730,3271051752760
"HSA_CORE_API","hsa_executable_symbol_get_info",11789,11789,213,3271051752990,3271051753020
"HSA_CORE_API","hsa_executable_symbol_get_info",11789,11789,214,3271051753251,3271051753271
"HSA_CORE_API","hsa_executable_symbol_get_info",11789,11789,215,3271051753511,3271051753531
"HSA_CORE_API","hsa_executable_symbol_get_info",11789,11789,216,3271051753792,3271051753812
"HSA_CORE_API","hsa_executable_symbol_get_info",11789,11789,217,3271051754082,3271051754102
"HSA_CORE_API","hsa_executable_symbol_get_info",11789,11789,218,3271051754363,3271051754383
"HSA_CORE_API","hsa_executable_iterate_symbols",11789,11789,202,3271051750175,3271051754513
"HSA_CORE_API","hsa_executable_get_symbol_by_name",11789,11789,219,3271051758310,3271051758451
"HSA_CORE_API","hsa_executable_symbol_get_info",11789,11789,220,3271051758701,3271051758731
"HSA_CORE_API","hsa_executable_symbol_get_info",11789,11789,221,3271051758961,3271051758992
"HSA_CORE_API","hsa_agent_get_info",11789,11789,222,3271051759232,3271051759252
"HSA_CORE_API","hsa_executable_symbol_get_info",11789,11789,224,3271051759683,3271051759723
"HSA_CORE_API","hsa_executable_symbol_get_info",11789,11789,225,3271051759953,3271051759983
"HSA_CORE_API","hsa_executable_symbol_get_info",11789,11789,226,3271051760214,3271051760244
"HSA_CORE_API","hsa_executable_symbol_get_info",11789,11789,227,3271051760474,3271051760504
"HSA_CORE_API","hsa_executable_symbol_get_info",11789,11789,228,3271051760735,3271051760765
"HSA_CORE_API","hsa_executable_symbol_get_info",11789,11789,229,3271051760985,3271051761015
"HSA_CORE_API","hsa_executable_symbol_get_info",11789,11789,230,3271051761246,3271051761276
"HSA_CORE_API","hsa_executable_symbol_get_info",11789,11789,231,3271051761556,3271051761586
"HSA_CORE_API","hsa_executable_symbol_get_info",11789,11789,232,3271051761817,3271051761837
"HSA_CORE_API","hsa_executable_symbol_get_info",11789,11789,233,3271051762067,3271051762097
"HSA_CORE_API","hsa_executable_symbol_get_info",11789,11789,234,3271051762328,3271051762348
"HSA_CORE_API","hsa_executable_symbol_get_info",11789,11789,235,3271051762578,3271051762608
"HSA_CORE_API","hsa_executable_symbol_get_info",11789,11789,236,3271051762839,3271051762869
"HSA_CORE_API","hsa_executable_symbol_get_info",11789,11789,237,3271051763119,3271051763139
"HSA_CORE_API","hsa_executable_symbol_get_info",11789,11789,238,3271051763400,3271051763420
"HSA_CORE_API","hsa_executable_symbol_get_info",11789,11789,239,3271051763670,3271051763700
"HSA_CORE_API","hsa_executable_iterate_symbols",11789,11789,223,3271051759492,3271051763831
"HSA_CORE_API","hsa_executable_get_symbol_by_name",11789,11789,240,3271051767528,3271051767668
"HSA_CORE_API","hsa_executable_symbol_get_info",11789,11789,241,3271051769571,3271051769612
"HSA_CORE_API","hsa_executable_symbol_get_info",11789,11789,242,3271051769902,3271051769932
"HSA_CORE_API","hsa_agent_get_info",11789,11789,243,3271051770173,3271051770203
"HSA_CORE_API","hsa_executable_symbol_get_info",11789,11789,245,3271051770653,3271051770684
"HSA_CORE_API","hsa_executable_symbol_get_info",11789,11789,246,3271051770934,3271051770954
"HSA_CORE_API","hsa_executable_symbol_get_info",11789,11789,247,3271051771184,3271051771215
"HSA_CORE_API","hsa_executable_symbol_get_info",11789,11789,248,3271051771465,3271051771495
"HSA_CORE_API","hsa_executable_symbol_get_info",11789,11789,249,3271051771715,3271051771746
"HSA_CORE_API","hsa_executable_symbol_get_info",11789,11789,250,3271051771976,3271051772006
"HSA_CORE_API","hsa_executable_symbol_get_info",11789,11789,251,3271051772236,3271051772257
"HSA_CORE_API","hsa_executable_symbol_get_info",11789,11789,252,3271051772547,3271051772567
"HSA_CORE_API","hsa_executable_symbol_get_info",11789,11789,253,3271051772798,3271051772818
"HSA_CORE_API","hsa_executable_symbol_get_info",11789,11789,254,3271051773058,3271051773078
"HSA_CORE_API","hsa_executable_symbol_get_info",11789,11789,255,3271051773308,3271051773339
"HSA_CORE_API","hsa_executable_symbol_get_info",11789,11789,256,3271051773569,3271051773599
"HSA_CORE_API","hsa_executable_symbol_get_info",11789,11789,257,3271051773960,3271051773990
"HSA_CORE_API","hsa_executable_symbol_get_info",11789,11789,258,3271051774240,3271051774260
"HSA_CORE_API","hsa_executable_symbol_get_info",11789,11789,259,3271051774511,3271051774541
"HSA_CORE_API","hsa_executable_symbol_get_info",11789,11789,260,3271051774831,3271051774851
"HSA_CORE_API","hsa_executable_iterate_symbols",11789,11789,244,3271051770433,3271051774982
"HSA_CORE_API","hsa_executable_get_symbol_by_name",11789,11789,261,3271051778939,3271051779079
"HSA_CORE_API","hsa_executable_symbol_get_info",11789,11789,262,3271051779350,3271051779380
"HSA_CORE_API","hsa_executable_symbol_get_info",11789,11789,263,3271051779610,3271051779650
"HSA_CORE_API","hsa_agent_get_info",11789,11789,264,3271051779881,3271051779911
"HSA_CORE_API","hsa_executable_symbol_get_info",11789,11789,266,3271051780322,3271051780362
"HSA_CORE_API","hsa_executable_symbol_get_info",11789,11789,267,3271051780592,3271051780622
"HSA_CORE_API","hsa_executable_symbol_get_info",11789,11789,268,3271051780853,3271051780883
"HSA_CORE_API","hsa_executable_symbol_get_info",11789,11789,269,3271051781113,3271051781143
"HSA_CORE_API","hsa_executable_symbol_get_info",11789,11789,270,3271051781364,3271051781394
"HSA_CORE_API","hsa_executable_symbol_get_info",11789,11789,271,3271051781624,3271051781684
"HSA_CORE_API","hsa_executable_symbol_get_info",11789,11789,272,3271051781905,3271051781935
"HSA_CORE_API","hsa_executable_symbol_get_info",11789,11789,273,3271051782215,3271051782245
"HSA_CORE_API","hsa_executable_symbol_get_info",11789,11789,274,3271051782476,3271051782496
"HSA_CORE_API","hsa_executable_symbol_get_info",11789,11789,275,3271051782726,3271051782756
"HSA_CORE_API","hsa_executable_symbol_get_info",11789,11789,276,3271051782987,3271051783007
"HSA_CORE_API","hsa_executable_symbol_get_info",11789,11789,277,3271051783237,3271051783267
"HSA_CORE_API","hsa_executable_symbol_get_info",11789,11789,278,3271051783498,3271051783528
"HSA_CORE_API","hsa_executable_symbol_get_info",11789,11789,279,3271051783748,3271051783778
"HSA_CORE_API","hsa_executable_symbol_get_info",11789,11789,280,3271051784039,3271051784069
"HSA_CORE_API","hsa_executable_symbol_get_info",11789,11789,281,3271051784319,3271051784339
"HSA_CORE_API","hsa_executable_iterate_symbols",11789,11789,265,3271051780141,3271051784470
"HSA_CORE_API","hsa_executable_get_symbol_by_name",11789,11789,282,3271051788126,3271051788277
"HSA_CORE_API","hsa_executable_symbol_get_info",11789,11789,283,3271051788527,3271051788567
"HSA_CORE_API","hsa_executable_symbol_get_info",11789,11789,284,3271051788808,3271051788838
"HSA_CORE_API","hsa_agent_get_info",11789,11789,285,3271051789098,3271051789128
"HSA_CORE_API","hsa_executable_symbol_get_info",11789,11789,287,3271051789579,3271051789619
"HSA_CORE_API","hsa_executable_symbol_get_info",11789,11789,288,3271051789850,3271051789870
"HSA_CORE_API","hsa_executable_symbol_get_info",11789,11789,289,3271051790140,3271051790170
"HSA_CORE_API","hsa_executable_symbol_get_info",11789,11789,290,3271051790401,3271051790421
"HSA_CORE_API","hsa_executable_symbol_get_info",11789,11789,291,3271051790651,3271051790681
"HSA_CORE_API","hsa_executable_symbol_get_info",11789,11789,292,3271051790912,3271051790942
"HSA_CORE_API","hsa_executable_symbol_get_info",11789,11789,293,3271051791192,3271051791212
"HSA_CORE_API","hsa_executable_symbol_get_info",11789,11789,294,3271051791493,3271051791523
"HSA_CORE_API","hsa_executable_symbol_get_info",11789,11789,295,3271051791743,3271051791773
"HSA_CORE_API","hsa_executable_symbol_get_info",11789,11789,296,3271051792004,3271051792034
"HSA_CORE_API","hsa_executable_symbol_get_info",11789,11789,297,3271051792264,3271051792294
"HSA_CORE_API","hsa_executable_symbol_get_info",11789,11789,298,3271051792525,3271051792545
"HSA_CORE_API","hsa_executable_symbol_get_info",11789,11789,299,3271051792775,3271051792805
"HSA_CORE_API","hsa_executable_symbol_get_info",11789,11789,300,3271051793056,3271051793086
"HSA_CORE_API","hsa_executable_symbol_get_info",11789,11789,301,3271051793336,3271051793366
"HSA_CORE_API","hsa_executable_symbol_get_info",11789,11789,302,3271051793617,3271051793647
"HSA_CORE_API","hsa_executable_iterate_symbols",11789,11789,286,3271051789359,3271051793777
"HSA_CORE_API","hsa_executable_get_symbol_by_name",11789,11789,303,3271051797624,3271051797734
"HSA_CORE_API","hsa_executable_symbol_get_info",11789,11789,304,3271051797975,3271051798015
"HSA_CORE_API","hsa_executable_symbol_get_info",11789,11789,305,3271051798245,3271051798276
"HSA_CORE_API","hsa_agent_get_info",11789,11789,306,3271051798506,3271051798536
"HSA_CORE_API","hsa_executable_symbol_get_info",11789,11789,308,3271051798957,3271051798997
"HSA_CORE_API","hsa_executable_symbol_get_info",11789,11789,309,3271051799227,3271051799257
"HSA_CORE_API","hsa_executable_symbol_get_info",11789,11789,310,3271051799488,3271051799508
"HSA_CORE_API","hsa_executable_symbol_get_info",11789,11789,311,3271051799738,3271051799768
"HSA_CORE_API","hsa_executable_symbol_get_info",11789,11789,312,3271051799999,3271051800019
"HSA_CORE_API","hsa_executable_symbol_get_info",11789,11789,313,3271051800249,3271051800279
"HSA_CORE_API","hsa_executable_symbol_get_info",11789,11789,314,3271051800500,3271051800530
"HSA_CORE_API","hsa_executable_symbol_get_info",11789,11789,315,3271051802283,3271051802303
"HSA_CORE_API","hsa_executable_symbol_get_info",11789,11789,316,3271051802544,3271051802574
"HSA_CORE_API","hsa_executable_symbol_get_info",11789,11789,317,3271051802804,3271051802824
"HSA_CORE_API","hsa_executable_symbol_get_info",11789,11789,318,3271051803055,3271051803085
"HSA_CORE_API","hsa_executable_symbol_get_info",11789,11789,319,3271051803315,3271051803345
"HSA_CORE_API","hsa_executable_symbol_get_info",11789,11789,320,3271051803565,3271051803596
"HSA_CORE_API","hsa_executable_symbol_get_info",11789,11789,321,3271051803876,3271051803906
"HSA_CORE_API","hsa_executable_symbol_get_info",11789,11789,322,3271051804157,3271051804187
"HSA_CORE_API","hsa_executable_symbol_get_info",11789,11789,323,3271051804437,3271051804457
"HSA_CORE_API","hsa_executable_iterate_symbols",11789,11789,307,3271051798766,3271051804607
"HSA_CORE_API","hsa_executable_get_symbol_by_name",11789,11789,324,3271051808375,3271051808525
"HSA_CORE_API","hsa_executable_symbol_get_info",11789,11789,325,3271051808815,3271051808845
"HSA_CORE_API","hsa_executable_symbol_get_info",11789,11789,326,3271051809076,3271051809106
"HSA_CORE_API","hsa_agent_get_info",11789,11789,327,3271051809346,3271051809376
"HSA_CORE_API","hsa_executable_symbol_get_info",11789,11789,329,3271051809767,3271051809807
"HSA_CORE_API","hsa_executable_symbol_get_info",11789,11789,330,3271051810048,3271051810068
"HSA_CORE_API","hsa_executable_symbol_get_info",11789,11789,331,3271051810298,3271051810328
"HSA_CORE_API","hsa_executable_symbol_get_info",11789,11789,332,3271051810559,3271051810589
"HSA_CORE_API","hsa_executable_symbol_get_info",11789,11789,333,3271051810819,3271051810839
"HSA_CORE_API","hsa_executable_symbol_get_info",11789,11789,334,3271051811070,3271051811100
"HSA_CORE_API","hsa_executable_symbol_get_info",11789,11789,335,3271051811330,3271051811350
"HSA_CORE_API","hsa_executable_symbol_get_info",11789,11789,336,3271051811621,3271051811651
"HSA_CORE_API","hsa_executable_symbol_get_info",11789,11789,337,3271051811911,3271051811931
"HSA_CORE_API","hsa_executable_symbol_get_info",11789,11789,338,3271051812162,3271051812192
"HSA_CORE_API","hsa_executable_symbol_get_info",11789,11789,339,3271051812422,3271051812452
"HSA_CORE_API","hsa_executable_symbol_get_info",11789,11789,340,3271051812683,3271051812713
"HSA_CORE_API","hsa_executable_symbol_get_info",11789,11789,341,3271051812943,3271051812963
"HSA_CORE_API","hsa_executable_symbol_get_info",11789,11789,342,3271051813194,3271051813224
"HSA_CORE_API","hsa_executable_symbol_get_info",11789,11789,343,3271051813474,3271051813504
"HSA_CORE_API","hsa_executable_symbol_get_info",11789,11789,344,3271051813755,3271051813775
"HSA_CORE_API","hsa_executable_iterate_symbols",11789,11789,328,3271051809607,3271051813905
"HSA_CORE_API","hsa_executable_get_symbol_by_name",11789,11789,345,3271051817622,3271051817762
"HSA_CORE_API","hsa_executable_symbol_get_info",11789,11789,346,3271051818023,3271051818043
"HSA_CORE_API","hsa_executable_symbol_get_info",11789,11789,347,3271051818283,3271051818303
"HSA_CORE_API","hsa_agent_get_info",11789,11789,348,3271051818534,3271051818564
"HSA_CORE_API","hsa_executable_symbol_get_info",11789,11789,350,3271051819015,3271051819045
"HSA_CORE_API","hsa_executable_symbol_get_info",11789,11789,351,3271051819285,3271051819305
"HSA_CORE_API","hsa_executable_symbol_get_info",11789,11789,352,3271051819546,3271051819566
"HSA_CORE_API","hsa_executable_symbol_get_info",11789,11789,353,3271051819796,3271051819826
"HSA_CORE_API","hsa_executable_symbol_get_info",11789,11789,354,3271051820057,3271051820087
"HSA_CORE_API","hsa_executable_symbol_get_info",11789,11789,355,3271051820317,3271051820337
"HSA_CORE_API","hsa_executable_symbol_get_info",11789,11789,356,3271051820567,3271051820598
"HSA_CORE_API","hsa_executable_symbol_get_info",11789,11789,357,3271051820868,3271051820898
"HSA_CORE_API","hsa_executable_symbol_get_info",11789,11789,358,3271051821129,3271051821159
"HSA_CORE_API","hsa_executable_symbol_get_info",11789,11789,359,3271051821389,3271051821409
"HSA_CORE_API","hsa_executable_symbol_get_info",11789,11789,360,3271051821640,3271051821670
"HSA_CORE_API","hsa_executable_symbol_get_info",11789,11789,361,3271051821910,3271051821930
"HSA_CORE_API","hsa_executable_symbol_get_info",11789,11789,362,3271051822160,3271051822191
"HSA_CORE_API","hsa_executable_symbol_get_info",11789,11789,363,3271051822441,3271051822471
"HSA_CORE_API","hsa_executable_symbol_get_info",11789,11789,364,3271051822722,3271051822742
"HSA_CORE_API","hsa_executable_symbol_get_info",11789,11789,365,3271051822992,3271051823022
"HSA_CORE_API","hsa_executable_iterate_symbols",11789,11789,349,3271051818814,3271051823162
"HSA_CORE_API","hsa_executable_get_symbol_by_name",11789,11789,366,3271051826889,3271051827100
"HSA_CORE_API","hsa_executable_symbol_get_info",11789,11789,367,3271051827340,3271051827370
"HSA_CORE_API","hsa_executable_symbol_get_info",11789,11789,368,3271051827611,3271051827631
"HSA_CORE_API","hsa_agent_get_info",11789,11789,369,3271051827871,3271051827901
"HSA_CORE_API","hsa_executable_symbol_get_info",11789,11789,371,3271051828312,3271051828352
"HSA_CORE_API","hsa_executable_symbol_get_info",11789,11789,372,3271051828583,3271051828613
"HSA_CORE_API","hsa_executable_symbol_get_info",11789,11789,373,3271051828843,3271051828873
"HSA_CORE_API","hsa_executable_symbol_get_info",11789,11789,374,3271051829104,3271051829124
"HSA_CORE_API","hsa_executable_symbol_get_info",11789,11789,375,3271051829354,3271051829384
"HSA_CORE_API","hsa_executable_symbol_get_info",11789,11789,376,3271051829615,3271051829645
"HSA_CORE_API","hsa_executable_symbol_get_info",11789,11789,377,3271051829875,3271051829905
"HSA_CORE_API","hsa_executable_symbol_get_info",11789,11789,378,3271051830176,3271051830206
"HSA_CORE_API","hsa_executable_symbol_get_info",11789,11789,379,3271051830436,3271051830466
"HSA_CORE_API","hsa_executable_symbol_get_info",11789,11789,380,3271051830697,3271051830727
"HSA_CORE_API","hsa_executable_symbol_get_info",11789,11789,381,3271051831007,3271051831037
"HSA_CORE_API","hsa_executable_symbol_get_info",11789,11789,382,3271051831268,3271051831298
"HSA_CORE_API","hsa_executable_symbol_get_info",11789,11789,383,3271051831518,3271051831548
"HSA_CORE_API","hsa_executable_symbol_get_info",11789,11789,384,3271051831799,3271051831829
"HSA_CORE_API","hsa_executable_symbol_get_info",11789,11789,385,3271051832129,3271051832149
"HSA_CORE_API","hsa_executable_symbol_get_info",11789,11789,386,3271051832410,3271051832440
"HSA_CORE_API","hsa_executable_iterate_symbols",11789,11789,370,3271051828142,3271051832560
"HSA_CORE_API","hsa_executable_get_symbol_by_name",11789,11789,387,3271051839643,3271051839784
"HSA_CORE_API","hsa_executable_symbol_get_info",11789,11789,388,3271051840044,3271051840074
"HSA_CORE_API","hsa_executable_symbol_get_info",11789,11789,389,3271051840305,3271051840335
"HSA_CORE_API","hsa_agent_get_info",11789,11789,390,3271051840585,3271051840615
"HSA_CORE_API","hsa_executable_symbol_get_info",11789,11789,392,3271051841056,3271051841096
"HSA_CORE_API","hsa_executable_symbol_get_info",11789,11789,393,3271051841337,3271051841357
"HSA_CORE_API","hsa_executable_symbol_get_info",11789,11789,394,3271051841587,3271051841617
"HSA_CORE_API","hsa_executable_symbol_get_info",11789,11789,395,3271051841868,3271051841898
"HSA_CORE_API","hsa_executable_symbol_get_info",11789,11789,396,3271051842138,3271051842158
"HSA_CORE_API","hsa_executable_symbol_get_info",11789,11789,397,3271051842389,3271051842419
"HSA_CORE_API","hsa_executable_symbol_get_info",11789,11789,398,3271051842649,3271051842679
"HSA_CORE_API","hsa_executable_symbol_get_info",11789,11789,399,3271051842950,3271051842980
"HSA_CORE_API","hsa_executable_symbol_get_info",11789,11789,400,3271051843210,3271051843230
"HSA_CORE_API","hsa_executable_symbol_get_info",11789,11789,401,3271051843471,3271051843491
"HSA_CORE_API","hsa_executable_symbol_get_info",11789,11789,402,3271051843721,3271051843751
"HSA_CORE_API","hsa_executable_symbol_get_info",11789,11789,403,3271051843982,3271051844002
"HSA_CORE_API","hsa_executable_symbol_get_info",11789,11789,404,3271051844242,3271051844262
"HSA_CORE_API","hsa_executable_symbol_get_info",11789,11789,405,3271051844493,3271051844523
"HSA_CORE_API","hsa_executable_symbol_get_info",11789,11789,406,3271051844773,3271051844793
"HSA_CORE_API","hsa_executable_symbol_get_info",11789,11789,407,3271051845044,3271051845074
"HSA_CORE_API","hsa_executable_iterate_symbols",11789,11789,391,3271051840846,3271051845204
"HSA_CORE_API","hsa_executable_get_symbol_by_name",11789,11789,408,3271051848961,3271051849091
"HSA_CORE_API","hsa_executable_symbol_get_info",11789,11789,409,3271051849342,3271051849372
"HSA_CORE_API","hsa_executable_symbol_get_info",11789,11789,410,3271051849612,3271051849632
"HSA_CORE_API","hsa_agent_get_info",11789,11789,411,3271051849863,3271051849893
"HSA_CORE_API","hsa_executable_symbol_get_info",11789,11789,413,3271051850314,3271051850354
"HSA_CORE_API","hsa_executable_symbol_get_info",11789,11789,414,3271051850584,3271051850614
"HSA_CORE_API","hsa_executable_symbol_get_info",11789,11789,415,3271051850834,3271051850865
"HSA_CORE_API","hsa_executable_symbol_get_info",11789,11789,416,3271051851095,3271051851115
"HSA_CORE_API","hsa_executable_symbol_get_info",11789,11789,417,3271051851345,3271051851376
"HSA_CORE_API","hsa_executable_symbol_get_info",11789,11789,418,3271051851606,3271051851636
"HSA_CORE_API","hsa_executable_symbol_get_info",11789,11789,419,3271051851866,3271051851886
"HSA_CORE_API","hsa_executable_symbol_get_info",11789,11789,420,3271051852167,3271051852187
"HSA_CORE_API","hsa_executable_symbol_get_info",11789,11789,421,3271051852417,3271051852448
"HSA_CORE_API","hsa_executable_symbol_get_info",11789,11789,422,3271051852678,3271051852698
"HSA_CORE_API","hsa_executable_symbol_get_info",11789,11789,423,3271051852928,3271051852958
"HSA_CORE_API","hsa_executable_symbol_get_info",11789,11789,424,3271051853189,3271051853219
"HSA_CORE_API","hsa_executable_symbol_get_info",11789,11789,425,3271051853449,3271051853469
"HSA_CORE_API","hsa_executable_symbol_get_info",11789,11789,426,3271051853700,3271051853730
"HSA_CORE_API","hsa_executable_symbol_get_info",11789,11789,427,3271051853980,3271051854010
"HSA_CORE_API","hsa_executable_symbol_get_info",11789,11789,428,3271051854261,3271051854291
"HSA_CORE_API","hsa_executable_iterate_symbols",11789,11789,412,3271051850123,3271051854421
"HSA_CORE_API","hsa_executable_get_symbol_by_name",11789,11789,429,3271051858068,3271051858178
"HSA_CORE_API","hsa_executable_symbol_get_info",11789,11789,430,3271051858489,3271051858529
"HSA_CORE_API","hsa_executable_symbol_get_info",11789,11789,431,3271051858769,3271051858799
"HSA_CORE_API","hsa_agent_get_info",11789,11789,432,3271051859080,3271051859110
"HSA_CORE_API","hsa_executable_symbol_get_info",11789,11789,434,3271051859601,3271051859641
"HSA_CORE_API","hsa_executable_symbol_get_info",11789,11789,435,3271051859892,3271051859922
"HSA_CORE_API","hsa_executable_symbol_get_info",11789,11789,436,3271051860142,3271051860172
"HSA_CORE_API","hsa_executable_symbol_get_info",11789,11789,437,3271051860403,3271051860433
"HSA_CORE_API","hsa_executable_symbol_get_info",11789,11789,438,3271051860683,3271051860703
"HSA_CORE_API","hsa_executable_symbol_get_info",11789,11789,439,3271051860944,3271051860974
"HSA_CORE_API","hsa_executable_symbol_get_info",11789,11789,440,3271051861204,3271051861224
"HSA_CORE_API","hsa_executable_symbol_get_info",11789,11789,441,3271051861495,3271051861525
"HSA_CORE_API","hsa_executable_symbol_get_info",11789,11789,442,3271051861755,3271051861785
"HSA_CORE_API","hsa_executable_symbol_get_info",11789,11789,443,3271051862016,3271051862046
"HSA_CORE_API","hsa_executable_symbol_get_info",11789,11789,444,3271051862296,3271051862326
"HSA_CORE_API","hsa_executable_symbol_get_info",11789,11789,445,3271051862557,3271051862587
"HSA_CORE_API","hsa_executable_symbol_get_info",11789,11789,446,3271051862817,3271051862837
"HSA_CORE_API","hsa_executable_symbol_get_info",11789,11789,447,3271051863068,3271051863098
"HSA_CORE_API","hsa_executable_symbol_get_info",11789,11789,448,3271051863358,3271051863388
"HSA_CORE_API","hsa_executable_symbol_get_info",11789,11789,449,3271051863749,3271051863779
"HSA_CORE_API","hsa_executable_iterate_symbols",11789,11789,433,3271051859381,3271051863909
"HSA_CORE_API","hsa_executable_get_symbol_by_name",11789,11789,450,3271051867466,3271051867596
"HSA_CORE_API","hsa_executable_symbol_get_info",11789,11789,451,3271051867847,3271051867877
"HSA_CORE_API","hsa_executable_symbol_get_info",11789,11789,452,3271051868117,3271051868147
"HSA_CORE_API","hsa_agent_get_info",11789,11789,453,3271051868388,3271051868408
"HSA_CORE_API","hsa_executable_symbol_get_info",11789,11789,455,3271051868848,3271051868888
"HSA_CORE_API","hsa_executable_symbol_get_info",11789,11789,456,3271051869119,3271051869149
"HSA_CORE_API","hsa_executable_symbol_get_info",11789,11789,457,3271051869379,3271051869399
"HSA_CORE_API","hsa_executable_symbol_get_info",11789,11789,458,3271051869630,3271051869660
"HSA_CORE_API","hsa_executable_symbol_get_info",11789,11789,459,3271051869890,3271051869920
"HSA_CORE_API","hsa_executable_symbol_get_info",11789,11789,460,3271051870151,3271051870171
"HSA_CORE_API","hsa_executable_symbol_get_info",11789,11789,461,3271051871904,3271051871924
"HSA_CORE_API","hsa_executable_symbol_get_info",11789,11789,462,3271051872215,3271051872235
"HSA_CORE_API","hsa_executable_symbol_get_info",11789,11789,463,3271051872465,3271051872495
"HSA_CORE_API","hsa_executable_symbol_get_info",11789,11789,464,3271051872726,3271051872756
"HSA_CORE_API","hsa_executable_symbol_get_info",11789,11789,465,3271051872986,3271051873016
"HSA_CORE_API","hsa_executable_symbol_get_info",11789,11789,466,3271051873247,3271051873277
"HSA_CORE_API","hsa_executable_symbol_get_info",11789,11789,467,3271051873507,3271051873537
"HSA_CORE_API","hsa_executable_symbol_get_info",11789,11789,468,3271051873768,3271051873788
"HSA_CORE_API","hsa_executable_symbol_get_info",11789,11789,469,3271051874048,3271051874078
"HSA_CORE_API","hsa_executable_symbol_get_info",11789,11789,470,3271051874339,3271051874359
"HSA_CORE_API","hsa_executable_iterate_symbols",11789,11789,454,3271051868638,3271051874509
"HSA_CORE_API","hsa_system_get_info",11789,11789,471,3271051882654,3271051882755
"HSA_AMD_EXT_API","hsa_amd_signal_create",11789,11789,472,3271051884688,3271051885139
"HSA_AMD_EXT_API","hsa_amd_signal_create",11789,11789,473,3271051885590,3271051885780
"HSA_AMD_EXT_API","hsa_amd_signal_create",11789,11789,474,3271051886091,3271051886141
"HSA_AMD_EXT_API","hsa_amd_signal_create",11789,11789,475,3271051886421,3271051886472
"HSA_AMD_EXT_API","hsa_amd_signal_create",11789,11789,476,3271051886742,3271051886782
"HSA_AMD_EXT_API","hsa_amd_signal_create",11789,11789,477,3271051887053,3271051887093
"HSA_AMD_EXT_API","hsa_amd_signal_create",11789,11789,478,3271051887443,3271051887494
"HSA_AMD_EXT_API","hsa_amd_signal_create",11789,11789,479,3271051887794,3271051887844
"HSA_AMD_EXT_API","hsa_amd_signal_create",11789,11789,480,3271051888115,3271051888155
"HSA_AMD_EXT_API","hsa_amd_signal_create",11789,11789,481,3271051888445,3271051888495
"HSA_AMD_EXT_API","hsa_amd_signal_create",11789,11789,482,3271051888766,3271051888896
"HSA_AMD_EXT_API","hsa_amd_signal_create",11789,11789,483,3271051889307,3271051889357
"HSA_AMD_EXT_API","hsa_amd_signal_create",11789,11789,484,3271051889658,3271051889698
"HSA_AMD_EXT_API","hsa_amd_signal_create",11789,11789,485,3271051889988,3271051890038
"HSA_AMD_EXT_API","hsa_amd_signal_create",11789,11789,486,3271051890299,3271051890359
"HSA_AMD_EXT_API","hsa_amd_signal_create",11789,11789,487,3271051890780,3271051890830
"HSA_AMD_EXT_API","hsa_amd_signal_create",11789,11789,488,3271051891180,3271051891231
"HSA_AMD_EXT_API","hsa_amd_signal_create",11789,11789,489,3271051891491,3271051891541
"HSA_AMD_EXT_API","hsa_amd_signal_create",11789,11789,490,3271051891822,3271051891862
"HSA_AMD_EXT_API","hsa_amd_signal_create",11789,11789,491,3271051892132,3271051892182
"HSA_AMD_EXT_API","hsa_amd_signal_create",11789,11789,492,3271051892483,3271051892523
"HSA_AMD_EXT_API","hsa_amd_signal_create",11789,11789,493,3271051892824,3271051892864
"HSA_AMD_EXT_API","hsa_amd_signal_create",11789,11789,494,3271051893134,3271051893174
"HSA_AMD_EXT_API","hsa_amd_signal_create",11789,11789,495,3271051893465,3271051893515
"HSA_AMD_EXT_API","hsa_amd_signal_create",11789,11789,496,3271051893835,3271051893906
"HSA_AMD_EXT_API","hsa_amd_signal_create",11789,11789,497,3271051894246,3271051894296
"HSA_AMD_EXT_API","hsa_amd_signal_create",11789,11789,498,3271051894567,3271051894617
"HSA_AMD_EXT_API","hsa_amd_signal_create",11789,11789,499,3271051894907,3271051894948
"HSA_AMD_EXT_API","hsa_amd_signal_create",11789,11789,500,3271051895218,3271051895258
"HSA_AMD_EXT_API","hsa_amd_signal_create",11789,11789,501,3271051895569,3271051895619
"HSA_AMD_EXT_API","hsa_amd_signal_create",11789,11789,502,3271051895889,3271051895929
"HSA_AMD_EXT_API","hsa_amd_signal_create",11789,11789,503,3271051896200,3271051896240
"HSA_AMD_EXT_API","hsa_amd_signal_create",11789,11789,504,3271051896510,3271051896561
"HSA_AMD_EXT_API","hsa_amd_signal_create",11789,11789,505,3271051896821,3271051896911
"HSA_AMD_EXT_API","hsa_amd_signal_create",11789,11789,506,3271051897182,3271051897222
"HSA_AMD_EXT_API","hsa_amd_signal_create",11789,11789,507,3271051897492,3271051897532
"HSA_AMD_EXT_API","hsa_amd_signal_create",11789,11789,508,3271051897803,3271051897853
"HSA_AMD_EXT_API","hsa_amd_signal_create",11789,11789,509,3271051898114,3271051898164
"HSA_AMD_EXT_API","hsa_amd_signal_create",11789,11789,510,3271051898454,3271051898504
"HSA_AMD_EXT_API","hsa_amd_signal_create",11789,11789,511,3271051898775,3271051898815
"HSA_AMD_EXT_API","hsa_amd_signal_create",11789,11789,512,3271051899085,3271051899125
"HSA_AMD_EXT_API","hsa_amd_signal_create",11789,11789,513,3271051899556,3271051899596
"HSA_AMD_EXT_API","hsa_amd_signal_create",11789,11789,514,3271051899867,3271051899917
"HSA_AMD_EXT_API","hsa_amd_signal_create",11789,11789,515,3271051900197,3271051900248
"HSA_AMD_EXT_API","hsa_amd_signal_create",11789,11789,516,3271051900558,3271051900608
"HSA_AMD_EXT_API","hsa_amd_signal_create",11789,11789,517,3271051900929,3271051900969
"HSA_AMD_EXT_API","hsa_amd_signal_create",11789,11789,518,3271051901249,3271051901300
"HSA_AMD_EXT_API","hsa_amd_signal_create",11789,11789,519,3271051901570,3271051901620
"HSA_AMD_EXT_API","hsa_amd_signal_create",11789,11789,520,3271051901881,3271051901931
"HSA_AMD_EXT_API","hsa_amd_signal_create",11789,11789,521,3271051902201,3271051902271
"HSA_AMD_EXT_API","hsa_amd_signal_create",11789,11789,522,3271051902532,3271051902582
"HSA_AMD_EXT_API","hsa_amd_signal_create",11789,11789,523,3271051902852,3271051902893
"HSA_AMD_EXT_API","hsa_amd_signal_create",11789,11789,524,3271051903163,3271051903213
"HSA_AMD_EXT_API","hsa_amd_signal_create",11789,11789,525,3271051903474,3271051903524
"HSA_AMD_EXT_API","hsa_amd_signal_create",11789,11789,526,3271051903904,3271051903944
"HSA_AMD_EXT_API","hsa_amd_signal_create",11789,11789,527,3271051904215,3271051904265
"HSA_AMD_EXT_API","hsa_amd_signal_create",11789,11789,528,3271051904536,3271051904576
"HSA_AMD_EXT_API","hsa_amd_signal_create",11789,11789,529,3271051904846,3271051904886
"HSA_AMD_EXT_API","hsa_amd_signal_create",11789,11789,530,3271051905167,3271051905227
"HSA_AMD_EXT_API","hsa_amd_signal_create",11789,11789,531,3271051905487,3271051905537
"HSA_AMD_EXT_API","hsa_amd_signal_create",11789,11789,532,3271051905808,3271051905848
"HSA_AMD_EXT_API","hsa_amd_signal_create",11789,11789,533,3271051906109,3271051906169
"HSA_AMD_EXT_API","hsa_amd_signal_create",11789,11789,534,3271051908022,3271051908072
"HSA_AMD_EXT_API","hsa_amd_signal_create",11789,11789,535,3271051908383,3271051908423
"HSA_CORE_API","hsa_signal_create",11789,11789,536,3271051908824,3271051908964
"HSA_CORE_API","hsa_signal_create",11789,11789,537,3271051909545,3271051911308
"HSA_CORE_API","hsa_signal_create",11789,11789,538,3271051911659,3271051912430
"HSA_CORE_API","hsa_signal_create",11789,11789,539,3271051912831,3271051913583
"HSA_CORE_API","hsa_signal_create",11789,11789,540,3271051913943,3271051914815
"HSA_AMD_EXT_API","hsa_amd_memory_pool_allocate",11789,11789,541,3271051915777,3271052504606
"HSA_AMD_EXT_API","hsa_amd_agents_allow_access",11789,11789,542,3271052505978,3271052516428
"HSA_CORE_API","hsa_signal_create",11789,11789,543,3271052517039,3271052517660
"HSA_CORE_API","hsa_signal_create",11789,11789,544,3271052517971,3271052518181
"HSA_CORE_API","hsa_signal_create",11789,11789,545,3271052518422,3271052518492
"HSA_CORE_API","hsa_signal_create",11789,11789,546,3271052518802,3271052518953
"HSA_CORE_API","hsa_signal_load_relaxed",11789,11789,547,3271052529022,3271052529302
"HSA_CORE_API","hsa_queue_add_write_index_screlease",11789,11789,548,3271052531236,3271052531747
"HSA_CORE_API","hsa_queue_load_read_index_relaxed",11789,11789,549,3271052532839,3271052533189
"HSA_CORE_API","hsa_signal_load_relaxed",11789,11789,550,3271052533630,3271052533771
"HSA_CORE_API","hsa_signal_load_relaxed",11789,11789,551,3271052534181,3271052534292
"HSA_CORE_API","hsa_signal_load_relaxed",11789,11789,552,3271052534552,3271052534582
"HSA_CORE_API","hsa_signal_silent_store_relaxed",11789,11789,553,3271052535684,3271052535844
"HSA_CORE_API","hsa_queue_load_read_index_scacquire",11789,11789,554,3271052537307,3271052537478
"HSA_CORE_API","hsa_signal_store_screlease",11789,11789,555,3271052539381,3271052558136
"HSA_CORE_API","hsa_signal_load_relaxed",11789,11789,557,3271052577643,3271052577673
"HSA_CORE_API","hsa_signal_load_relaxed",11789,11789,558,3271052578375,3271052578585
"HSA_CORE_API","hsa_signal_load_relaxed",11789,11789,559,3271052578936,3271052578966
"HSA_CORE_API","hsa_signal_load_relaxed",11789,11789,560,3271052579286,3271052579316
"HSA_CORE_API","hsa_signal_silent_store_relaxed",11789,11789,561,3271052579577,3271052579607
"HSA_AMD_EXT_API","hsa_amd_memory_copy_engine_status",11789,11789,562,3271052580228,3271052581260
"HSA_AMD_EXT_API","hsa_amd_memory_async_copy_on_engine",11789,11789,563,3271052582953,3271053114314
"HSA_CORE_API","hsa_signal_load_relaxed",11789,11789,564,3271053117660,3271053117921
"HSA_CORE_API","hsa_queue_add_write_index_screlease",11789,11789,565,3271053118862,3271053119113
"HSA_CORE_API","hsa_queue_load_read_index_relaxed",11789,11789,566,3271053119564,3271053119684
"HSA_CORE_API","hsa_signal_load_relaxed",11789,11789,567,3271053120015,3271053120205
"HSA_CORE_API","hsa_signal_load_relaxed",11789,11789,568,3271053120496,3271053120596
"HSA_CORE_API","hsa_signal_load_relaxed",11789,11789,569,3271053120856,3271053120876
"HSA_CORE_API","hsa_signal_silent_store_relaxed",11789,11789,570,3271053121297,3271053121517
"HSA_AMD_EXT_API","hsa_amd_signal_async_handler",11789,11789,571,3271053123551,3271053125204
"HSA_CORE_API","hsa_queue_load_read_index_scacquire",11789,11789,572,3271053125675,3271053125755
"HSA_CORE_API","hsa_signal_store_screlease",11789,11789,573,3271053126216,3271053128741
"HSA_CORE_API","hsa_signal_load_relaxed",11789,11789,574,3271053129653,3271053129693
"HSA_CORE_API","hsa_signal_wait_scacquire",11789,11789,575,3271053131466,3271053376177
"HSA_CORE_API","hsa_signal_load_relaxed",11789,11789,577,3271053384954,3271053384984
"HSA_CORE_API","hsa_signal_load_relaxed",11789,11789,578,3271053385304,3271053385334
"HSA_CORE_API","hsa_signal_load_relaxed",11789,11789,579,3271053385625,3271053385645
"HSA_CORE_API","hsa_signal_load_relaxed",11789,11789,580,3271053385895,3271053385915
"HSA_CORE_API","hsa_signal_silent_store_relaxed",11789,11789,581,3271053386186,3271053386226
"HSA_AMD_EXT_API","hsa_amd_memory_async_copy_on_engine",11789,11789,582,3271053386667,3271053393720
"HSA_CORE_API","hsa_signal_load_relaxed",11789,11789,583,3271053394612,3271053394642
"HSA_CORE_API","hsa_queue_add_write_index_screlease",11789,11789,584,3271053395063,3271053395103
"HSA_CORE_API","hsa_queue_load_read_index_relaxed",11789,11789,585,3271053395423,3271053395453
"HSA_CORE_API","hsa_signal_load_relaxed",11789,11789,586,3271053395834,3271053395874
"HSA_CORE_API","hsa_signal_load_relaxed",11789,11789,587,3271053396135,3271053396155
"HSA_CORE_API","hsa_signal_load_relaxed",11789,11789,588,3271053396435,3271053396455
"HSA_CORE_API","hsa_signal_silent_store_relaxed",11789,11789,589,3271053396826,3271053396946
"HSA_AMD_EXT_API","hsa_amd_signal_async_handler",11789,11789,590,3271053404871,3271053405612
"HSA_CORE_API","hsa_queue_load_read_index_scacquire",11789,11789,592,3271053409169,3271053409209
"HSA_CORE_API","hsa_signal_load_relaxed",11789,11801,591,3271053409600,3271053409870
"HSA_CORE_API","hsa_signal_store_screlease",11789,11789,593,3271053409580,3271053410712
"HSA_CORE_API","hsa_signal_load_relaxed",11789,11789,594,3271053411203,3271053411253
"HSA_AMD_EXT_API","hsa_amd_profiling_get_dispatch_time",11789,11801,596,3271053414239,3271053415020
"HSA_CORE_API","hsa_signal_load_relaxed",11789,11801,597,3271053418587,3271053418697
"HSA_CORE_API","hsa_signal_wait_scacquire",11789,11789,595,3271053411534,3271053498097
"HSA_CORE_API","hsa_queue_add_write_index_screlease",11789,11789,599,3271053501944,3271053501974
"HSA_CORE_API","hsa_queue_load_read_index_relaxed",11789,11789,600,3271053502284,3271053502305
"HSA_CORE_API","hsa_signal_load_relaxed",11789,11789,601,3271053502585,3271053502625
"HSA_CORE_API","hsa_signal_load_relaxed",11789,11789,602,3271053502886,3271053502916
"HSA_CORE_API","hsa_signal_load_relaxed",11789,11789,603,3271053503236,3271053503266
"HSA_CORE_API","hsa_signal_silent_store_relaxed",11789,11789,604,3271053503547,3271053503577
"HSA_CORE_API","hsa_queue_load_read_index_scacquire",11789,11789,605,3271053503908,3271053503938
"HSA_CORE_API","hsa_signal_store_screlease",11789,11789,606,3271053504218,3271053504950
"HSA_CORE_API","hsa_signal_load_relaxed",11789,11789,608,3271053508055,3271053508075
"HSA_CORE_API","hsa_signal_wait_scacquire",11789,11789,609,3271053508366,3271053520699
"HSA_CORE_API","hsa_signal_load_relaxed",11789,11789,611,3271053524396,3271053525628
"HSA_CORE_API","hsa_signal_load_relaxed",11789,11789,613,3271053531029,3271053531059
"HSA_CORE_API","hsa_signal_load_relaxed",11789,11789,614,3271053531510,3271053531540
"HSA_CORE_API","hsa_signal_load_relaxed",11789,11789,615,3271053532171,3271053532201
"HSA_CORE_API","hsa_signal_load_relaxed",11789,11789,616,3271053532521,3271053532551
"HSA_AMD_EXT_API","hsa_amd_profiling_get_dispatch_time",11789,11789,617,3271053533082,3271053533303
"HSA_AMD_EXT_API","hsa_amd_profiling_get_dispatch_time",11789,11789,618,3271053533654,3271053533724
"HSA_CORE_API","hsa_queue_add_write_index_screlease",11789,11789,620,3271053547800,3271053547840
"HSA_CORE_API","hsa_queue_load_read_index_relaxed",11789,11789,621,3271053548151,3271053548181
"HSA_CORE_API","hsa_signal_load_relaxed",11789,11789,622,3271053548431,3271053548461
"HSA_CORE_API","hsa_signal_load_relaxed",11789,11789,623,3271053548722,3271053548752
"HSA_CORE_API","hsa_signal_load_relaxed",11789,11789,624,3271053549023,3271053549053
"HSA_CORE_API","hsa_signal_silent_store_relaxed",11789,11789,625,3271053549313,3271053549333
"HSA_CORE_API","hsa_queue_load_read_index_scacquire",11789,11789,626,3271053549644,3271053549674
"HSA_CORE_API","hsa_signal_store_screlease",11789,11789,627,3271053549934,3271053552329
"HSA_CORE_API","hsa_signal_load_relaxed",11789,11801,631,3271053595440,3271053595841
"HSA_CORE_API","hsa_executable_create_alt",11789,11789,632,3271053684157,3271053685029
"HSA_CORE_API","hsa_code_object_reader_create_from_memory",11789,11789,633,3271053685670,3271053698384
"HSA_CORE_API","hsa_executable_load_agent_code_object",11789,11789,634,3271053698925,3271053813090
"HSA_CORE_API","hsa_signal_create",11789,11789,636,3271053825263,3271053825603
"HSA_CORE_API","hsa_signal_wait_scacquire",11789,11789,637,3271053837716,3271053859688
"HSA_CORE_API","hsa_signal_destroy",11789,11789,638,3271053860058,3271053860269
"HSA_CORE_API","hsa_executable_freeze",11789,11789,635,3271053814492,3271053888241
"HSA_CORE_API","hsa_executable_get_symbol_by_name",11789,11789,639,3271053897629,3271053897980
"HSA_CORE_API","hsa_executable_symbol_get_info",11789,11789,640,3271053898400,3271053898461
"HSA_CORE_API","hsa_executable_symbol_get_info",11789,11789,641,3271053898821,3271053898851
"HSA_CORE_API","hsa_agent_get_info",11789,11789,642,3271053899272,3271053899402
"HSA_CORE_API","hsa_executable_symbol_get_info",11789,11789,644,3271053900024,3271053900074
"HSA_CORE_API","hsa_executable_symbol_get_info",11789,11789,645,3271053900354,3271053900384
"HSA_CORE_API","hsa_executable_symbol_get_info",11789,11789,646,3271053900635,3271053900675
"HSA_CORE_API","hsa_executable_iterate_symbols",11789,11789,643,3271053899753,3271053900825
"HSA_CORE_API","hsa_queue_add_write_index_screlease",11789,11789,647,3271053907928,3271053908149
"HSA_CORE_API","hsa_queue_load_read_index_relaxed",11789,11789,648,3271053908600,3271053908670
"HSA_CORE_API","hsa_queue_load_read_index_scacquire",11789,11789,649,3271053909040,3271053909111
"HSA_CORE_API","hsa_signal_store_screlease",11789,11789,650,3271053909571,3271053916895
"HSA_CORE_API","hsa_queue_add_write_index_screlease",11789,11789,652,3271053920322,3271053920352
"HSA_CORE_API","hsa_queue_load_read_index_relaxed",11789,11789,653,3271053920662,3271053920692
"HSA_CORE_API","hsa_signal_load_relaxed",11789,11789,654,3271053921083,3271053921243
"HSA_CORE_API","hsa_signal_load_relaxed",11789,11789,655,3271053921574,3271053921614
"HSA_CORE_API","hsa_signal_load_relaxed",11789,11789,656,3271053921895,3271053921915
"HSA_CORE_API","hsa_signal_silent_store_relaxed",11789,11789,657,3271053922295,3271053922356
"HSA_CORE_API","hsa_queue_load_read_index_scacquire",11789,11789,658,3271053922796,3271053922826
"HSA_CORE_API","hsa_signal_store_screlease",11789,11789,659,3271053923177,3271053923848
"HSA_CORE_API","hsa_signal_load_relaxed",11789,11789,661,3271053925481,3271053925512
"HSA_CORE_API","hsa_signal_wait_scacquire",11789,11789,662,3271053925872,3271058453939
"HSA_CORE_API","hsa_signal_load_relaxed",11789,11789,664,3271058455603,3271058455633
"HSA_CORE_API","hsa_signal_load_relaxed",11789,11789,666,3271058456705,3271058456725
"HSA_CORE_API","hsa_signal_load_relaxed",11789,11789,667,3271058457035,3271058457065
"HSA_CORE_API","hsa_signal_load_relaxed",11789,11789,668,3271058457386,3271058457406
"HSA_CORE_API","hsa_signal_load_relaxed",11789,11789,669,3271058457696,3271058457727
"HSA_AMD_EXT_API","hsa_amd_profiling_get_dispatch_time",11789,11789,670,3271058458117,3271058458398
"HSA_AMD_EXT_API","hsa_amd_profiling_get_dispatch_time",11789,11789,671,3271058458748,3271058458789
"HSA_CORE_API","hsa_queue_add_write_index_screlease",11789,11789,673,3271058468517,3271058468577
"HSA_CORE_API","hsa_queue_load_read_index_relaxed",11789,11789,674,3271058469208,3271058469268
"HSA_CORE_API","hsa_signal_load_relaxed",11789,11789,675,3271058469739,3271058469940
"HSA_CORE_API","hsa_signal_load_relaxed",11789,11789,676,3271058470481,3271058470521
"HSA_CORE_API","hsa_signal_load_relaxed",11789,11789,677,3271058475440,3271058475470
"HSA_CORE_API","hsa_signal_silent_store_relaxed",11789,11789,678,3271058476081,3271058476181
"HSA_AMD_EXT_API","hsa_amd_signal_async_handler",11789,11789,679,3271058476883,3271058478766
"HSA_CORE_API","hsa_queue_load_read_index_scacquire",11789,11789,680,3271058479498,3271058479568
"HSA_CORE_API","hsa_signal_store_screlease",11789,11789,681,3271058480049,3271058481471
"HSA_CORE_API","hsa_signal_load_relaxed",11789,11789,682,3271058482183,3271058482223
"HSA_CORE_API","hsa_signal_wait_scacquire",11789,11789,683,3271058482533,3271058486621
"HSA_CORE_API","hsa_signal_load_relaxed",11789,11789,685,3271058490859,3271058490889
"HSA_CORE_API","hsa_signal_load_relaxed",11789,11789,686,3271058491360,3271058491380
"HSA_CORE_API","hsa_signal_load_relaxed",11789,11789,687,3271058491691,3271058491871
"HSA_CORE_API","hsa_signal_load_relaxed",11789,11789,688,3271058492131,3271058492161
"HSA_CORE_API","hsa_signal_load_relaxed",11789,11789,689,3271058492402,3271058492432
"HSA_CORE_API","hsa_signal_silent_store_relaxed",11789,11789,690,3271058492793,3271058492833
"HSA_AMD_EXT_API","hsa_amd_memory_copy_engine_status",11789,11789,691,3271058493203,3271058493664
"HSA_AMD_EXT_API","hsa_amd_memory_async_copy_on_engine",11789,11789,692,3271058494065,3271058500227
"HSA_CORE_API","hsa_signal_load_relaxed",11789,11789,693,3271058501409,3271058501439
"HSA_CORE_API","hsa_queue_add_write_index_screlease",11789,11789,694,3271058501830,3271058501890
"HSA_CORE_API","hsa_queue_load_read_index_relaxed",11789,11789,695,3271058502210,3271058502230
"HSA_CORE_API","hsa_signal_load_relaxed",11789,11789,696,3271058502882,3271058503142
"HSA_CORE_API","hsa_signal_load_relaxed",11789,11789,698,3271058503703,3271058503743
"HSA_CORE_API","hsa_signal_load_relaxed",11789,11789,699,3271058504034,3271058504064
"HSA_CORE_API","hsa_signal_load_relaxed",11789,11801,697,3271058503733,3271058503924
"HSA_CORE_API","hsa_signal_silent_store_relaxed",11789,11789,700,3271058504515,3271058504565
"HSA_AMD_EXT_API","hsa_amd_profiling_get_dispatch_time",11789,11801,701,3271058504966,3271058505156
"HSA_AMD_EXT_API","hsa_amd_signal_async_handler",11789,11789,702,3271058505046,3271058505807
"HSA_CORE_API","hsa_queue_load_read_index_scacquire",11789,11789,703,3271058506228,3271058506268
"HSA_CORE_API","hsa_signal_load_relaxed",11789,11801,704,3271058507631,3271058507711
"HSA_AMD_EXT_API","hsa_amd_profiling_get_dispatch_time",11789,11801,706,3271058508252,3271058508322
"HSA_CORE_API","hsa_signal_store_screlease",11789,11789,705,3271058508212,3271058508773
"HSA_CORE_API","hsa_signal_load_relaxed",11789,11789,707,3271058509344,3271058509374
"HSA_CORE_API","hsa_signal_load_relaxed",11789,11801,709,3271058510716,3271058510766
"HSA_AMD_EXT_API","hsa_amd_profiling_get_dispatch_time",11789,11801,710,3271058511117,3271058511478
"HSA_CORE_API","hsa_signal_wait_scacquire",11789,11789,708,3271058509674,3271058584696
"HSA_CORE_API","hsa_signal_load_relaxed",11789,11801,711,3271058585287,3271058585337
"HSA_AMD_EXT_API","hsa_amd_memory_pool_free",11789,11789,715,3271193887468,3271193894020
"HSA_AMD_EXT_API","hsa_amd_memory_pool_free",11789,11789,717,3271193897677,3271193898990
"HSA_AMD_EXT_API","hsa_amd_memory_pool_free",11789,11789,719,3271193900643,3271193995922
"HSA_AMD_EXT_API","hsa_amd_memory_pool_free",11789,11789,721,3271194008376,3271194082806
"HSA_AMD_EXT_API","hsa_amd_memory_pool_free",11789,11789,723,3271194088246,3271194183616
"HSA_AMD_EXT_API","hsa_amd_memory_pool_free",11789,11789,725,3271194187323,3271194232407
